DNI,Index_original,Nom,Cognoms,País d'origen,Ciutat,Dia,Mes,Any,Gènere,Salari mensual,Fills,Grup Professional,Nom_complet,Nascut_a_Espanya,data_naixement,edat,Increment,Salari mensual actualitzat
27724652S,1,Clara,Sánchez Martínez,Espanya,Barcelona,18,3,1996,Dona,1253,Sí,Grup A,Clara Sánchez Martínez,True,1996-03-18,29,0.05,1315.65
38141675A,2,Fatima,Fassi,Marroc,Rabat,6,11,2005,Altres,1441,Sí,Grup A,Fatima Fassi,False,2005-11-06,20,0.05,1513.05
69630528M,4,Toni,Sánchez García,Espanya,Barcelona,9,8,1999,Home,1043,No,Grup A,Toni Sánchez García,True,1999-08-09,26,0.05,1095.15
78247593G,6,Carla,García,Espanya,València,24,12,1957,Dona,942,No,Grup A,Carla García,True,1957-12-24,67,0.05,989.1
21774231J,7,Marco,Rossi,Itàlia,Torí,3,11,2002,Altres,1494,No,Grup A,Marco Rossi,False,2002-11-03,23,0.05,1568.7
87316866D,8,Alessia,Rossi,Itàlia,Milà,6,12,1989,Dona,1366,No,Grup A,Alessia Rossi,False,1989-12-06,35,0.05,1434.3
14219925Z,9,Toni,Martínez,Espanya,Barcelona,16,5,1964,Home,891,No,Grup A,Toni Martínez,True,1964-05-16,61,0.05,935.55
40695825B,10,Oriol,Sánchez,Espanya,Barcelona,27,7,1965,Home,1250,No,Grup A,Oriol Sánchez,True,1965-07-27,60,0.05,1312.5
66129686T,12,Jean,Dubois,França,Marsella,16,12,1964,Home,1593,Sí,Grup A,Jean Dubois,False,1964-12-16,60,0.05,1672.65
83982081H,14,Eva,Castells,Espanya,Sevilla,3,5,1968,,1247,Sí,Grup A,Eva Castells,True,1968-05-03,57,0.05,1309.35
86981189A,16,Camila,Hernández Ramírez,Mèxic,Guadalajara,17,12,1996,Dona,1170,Sí,Grup A,Camila Hernández Ramírez,False,1996-12-17,28,0.05,1228.5
13107162J,17,Núria,Castells,Espanya,Barcelona,2,7,2005,Dona,1344,Sí,Grup A,Núria Castells,True,2005-07-02,20,0.05,1411.2
28973553Z,21,Mia,Schneider Fischer,Alemanya,Berlín,22,10,1976,Altres,951,No,Grup A,Mia Schneider Fischer,False,1976-10-22,49,0.05,998.55
43855905B,27,Eva,Castells,Espanya,Madrid,1,12,1965,Dona,879,No,Grup A,Eva Castells,True,1965-12-01,60,0.05,922.95
89977538X,28,Oriol,López Martínez,Espanya,Barcelona,25,6,1952,Home,1019,Sí,Grup A,Oriol López Martínez,True,1952-06-25,73,0.05,1069.95
47103299Z,30,Núria,Ferrer Romero,Espanya,València,6,2,2003,,1256,No,Grup A,Núria Ferrer Romero,True,2003-02-06,22,0.05,1318.8
18876645B,33,Matías,Gómez Álvarez,Argentina,Buenos Aires,4,12,1955,Home,1313,No,Grup A,Matías Gómez Álvarez,False,1955-12-04,70,0.05,1378.65
48870261R,34,Jordi,Sánchez,Espanya,Bilbao,16,8,1962,Home,742,No,Grup A,Jordi Sánchez,True,1962-08-16,63,0.05,779.1
67466708W,36,Jordi,Romero,Espanya,Barcelona,27,8,1968,Home,808,No,Grup A,Jordi Romero,True,1968-08-27,57,0.05,848.4
95012750D,38,Carla,García,Espanya,Sevilla,17,5,1952,Dona,963,Sí,Grup A,Carla García,True,1952-05-17,73,0.05,1011.15
42754306Q,40,Toni,López Sánchez,Espanya,Barcelona,25,2,1975,Home,990,No,Grup A,Toni López Sánchez,True,1975-02-25,50,0.05,1039.5
17856143W,41,Anna,Martínez Martínez,Espanya,Bilbao,26,9,1972,Dona,780,No,Grup A,Anna Martínez Martínez,True,1972-09-26,53,0.05,819.0
38605068P,43,Toni,Martínez,Espanya,Sevilla,24,7,1982,Home,1515,Sí,Grup A,Toni Martínez,True,1982-07-24,43,0.05,1590.75
71226479A,49,Toni,Sánchez García,Espanya,Bilbao,28,2,2000,Home,1381,No,Grup A,Toni Sánchez García,True,2000-02-28,25,0.05,1450.05
10911456V,50,Marta,López,Espanya,Sevilla,6,6,1954,Dona,1484,No,Grup A,Marta López,True,1954-06-06,71,0.05,1558.2
58027402M,51,Joan,López,Espanya,Madrid,5,3,1957,Home,967,No,Grup A,Joan López,True,1957-03-05,68,0.05,1015.35
29075001G,52,Eva,Ferrer,Espanya,Madrid,27,1,1974,Dona,1001,No,Grup A,Eva Ferrer,True,1974-01-27,51,0.05,1051.05
75145716V,53,Joan,López,Espanya,València,1,2,1952,Home,1502,No,Grup A,Joan López,True,1952-02-01,73,0.05,1577.1
83083855T,59,Oriol,García,Espanya,València,12,6,2002,Home,1288,Sí,Grup A,Oriol García,True,2002-06-12,23,0.05,1352.4
66876326G,61,Jordi,Sánchez,Espanya,València,19,6,1984,Home,1243,Sí,Grup A,Jordi Sánchez,True,1984-06-19,41,0.05,1305.15
55802716W,65,Miguel,González,Mèxic,Ciutat de Mèxic,22,3,2002,Home,1531,No,Grup A,Miguel González,False,2002-03-22,23,0.05,1607.55
86310227T,67,Núria,Martínez,Espanya,Madrid,19,3,1986,Dona,1405,No,Grup A,Núria Martínez,True,1986-03-19,39,0.05,1475.25
79942683D,69,Valentina,Torres Torres,Colòmbia,Medellín,24,7,1951,,1252,No,Grup A,Valentina Torres Torres,False,1951-07-24,74,0.05,1314.6
17393705Z,72,Joan,Castells,Espanya,Barcelona,10,12,1975,Home,1667,Sí,Grup A,Joan Castells,True,1975-12-10,49,0.05,1750.35
94678339J,73,Anna,Martínez Martínez,Espanya,Sevilla,10,4,1985,Dona,1333,No,Grup A,Anna Martínez Martínez,True,1985-04-10,40,0.05,1399.65
82819660N,75,Michel,Moreau,França,Lió,2,5,1970,Home,810,No,Grup A,Michel Moreau,False,1970-05-02,55,0.05,850.5
98082914F,77,Anna,Ferrer Sánchez,Espanya,Bilbao,21,10,1982,Dona,1323,No,Grup A,Anna Ferrer Sánchez,True,1982-10-21,43,0.05,1389.15
96108474K,79,Clara,García,Espanya,Sevilla,10,3,1955,Dona,809,No,Grup A,Clara García,True,1955-03-10,70,0.05,849.45
96617848Y,81,Valentina,Gutiérrez Castro,Colòmbia,Bogotà,2,1,2001,Altres,1064,No,Grup A,Valentina Gutiérrez Castro,False,2001-01-02,24,0.05,1117.2
14944003P,83,Arnau,Sánchez López,Espanya,Barcelona,28,6,1960,Home,1116,No,Grup A,Arnau Sánchez López,True,1960-06-28,65,0.05,1171.8
34050427S,84,Daniela,Castro Castro,Colòmbia,Medellín,25,12,1980,Dona,1167,No,Grup A,Daniela Castro Castro,False,1980-12-25,44,0.05,1225.35
64134967K,85,Clara,Sánchez,Espanya,Bilbao,1,10,1965,Dona,817,Sí,Grup A,Clara Sánchez,True,1965-10-01,60,0.05,857.85
98288475Z,89,Youssef,Bennani,Marroc,Casablanca,20,9,1957,Home,780,Sí,Grup A,Youssef Bennani,False,1957-09-20,68,0.05,819.0
80981912X,90,Eva,Martínez,Espanya,Barcelona,11,9,1974,Dona,783,No,Grup A,Eva Martínez,True,1974-09-11,51,0.05,822.15
49728917R,91,Sophie,Taylor,Regne Unit,Londres,27,2,1983,Dona,1469,No,Grup A,Sophie Taylor,False,1983-02-27,42,0.05,1542.45
64074954W,92,Mohamed,Zahraoui,Marroc,Rabat,18,11,1950,Home,1496,No,Grup A,Mohamed Zahraoui,False,1950-11-18,75,0.05,1570.8
31039740J,93,Anna,Castells,Espanya,Bilbao,20,3,1987,Dona,1381,No,Grup A,Anna Castells,True,1987-03-20,38,0.05,1450.05
76740096F,96,Joan,Romero Romero,Espanya,Barcelona,21,2,1999,Home,1543,Sí,Grup A,Joan Romero Romero,True,1999-02-21,26,0.05,1620.15
42373200J,98,Anna,Sánchez,Espanya,Barcelona,17,7,1984,Altres,1438,Sí,Grup A,Anna Sánchez,True,1984-07-17,41,0.05,1509.9
91877877E,100,Tiago,Ferreira,Portugal,Porto,22,11,1993,Home,1246,Sí,Grup A,Tiago Ferreira,False,1993-11-22,32,0.05,1308.3
92828803F,101,Eva,Romero,Espanya,València,16,4,1985,Dona,1077,Sí,Grup A,Eva Romero,True,1985-04-16,40,0.05,1130.85
24213568B,103,Felipe,Torres,Colòmbia,Bogotà,19,3,1970,Home,1240,Sí,Grup A,Felipe Torres,False,1970-03-19,55,0.05,1302.0
69934163X,104,Laia,Martínez Ferrer,Espanya,Bilbao,19,10,1956,Dona,981,Sí,Grup A,Laia Martínez Ferrer,True,1956-10-19,69,0.05,1030.05
48108194K,105,Marta,Sánchez,Espanya,Bilbao,1,9,1972,Dona,1154,No,Grup A,Marta Sánchez,True,1972-09-01,53,0.05,1211.7
36035835A,107,Toni,Romero,Espanya,València,26,11,1991,Home,1377,Sí,Grup A,Toni Romero,True,1991-11-26,34,0.05,1445.85
25463106V,108,Núria,Ferrer,Espanya,Barcelona,18,4,1957,,1396,Sí,Grup A,Núria Ferrer,True,1957-04-18,68,0.05,1465.8
89652804F,110,Marc,Ferrer Castells,Espanya,Barcelona,25,8,2002,Home,1672,No,Grup A,Marc Ferrer Castells,True,2002-08-25,23,0.05,1755.6
42278299Y,117,Toni,Ferrer,Espanya,Madrid,19,8,1967,Home,1563,No,Grup A,Toni Ferrer,True,1967-08-19,58,0.05,1641.15
35072309W,118,Pau,Ferrer,Espanya,Bilbao,6,8,1964,Home,1156,No,Grup A,Pau Ferrer,True,1964-08-06,61,0.05,1213.8
85696755S,120,Marc,García,Espanya,Barcelona,23,7,1998,Home,1341,Sí,Grup A,Marc García,True,1998-07-23,27,0.05,1408.05
45293682M,122,Joan,Sánchez,Espanya,Sevilla,5,8,1988,Home,1072,Sí,Grup A,Joan Sánchez,True,1988-08-05,37,0.05,1125.6
68948799D,123,Clara,Castells García,Espanya,Bilbao,11,1,1964,Dona,1100,Sí,Grup A,Clara Castells García,True,1964-01-11,61,0.05,1155.0
18522481J,125,Oriol,Martínez,Espanya,Madrid,18,1,1994,Home,1505,No,Grup A,Oriol Martínez,True,1994-01-18,31,0.05,1580.25
23128433S,126,Anna,Müller,Alemanya,Munic,18,3,1956,Dona,1280,No,Grup A,Anna Müller,False,1956-03-18,69,0.05,1344.0
43378401L,127,Núria,Castells Sánchez,Espanya,Sevilla,26,3,1975,Dona,665,No,Grup A,Núria Castells Sánchez,True,1975-03-26,50,0.05,698.25
77333333Q,128,Pau,Ferrer,Espanya,Sevilla,1,1,1999,Home,1538,No,Grup A,Pau Ferrer,True,1999-01-01,26,0.05,1614.9
62356732M,129,Tiago,Silva Pereira,Portugal,Porto,24,3,1980,Home,1431,No,Grup A,Tiago Silva Pereira,False,1980-03-24,45,0.05,1502.55
78286678X,130,Marc,García Ferrer,Espanya,València,16,8,1998,Home,1193,No,Grup A,Marc García Ferrer,True,1998-08-16,27,0.05,1252.65
57021851P,132,Pau,Castells,Espanya,Sevilla,23,3,1978,Home,819,No,Grup A,Pau Castells,True,1978-03-23,47,0.05,859.95
76101195A,133,Jean,Lefevre,França,Marsella,8,10,1959,Home,780,No,Grup A,Jean Lefevre,False,1959-10-08,66,0.05,819.0
63688361W,136,Joan,García,Espanya,Barcelona,24,12,1957,Home,1558,Sí,Grup A,Joan García,True,1957-12-24,67,0.05,1635.9
96178808S,140,Pau,Romero Castells,Espanya,Madrid,14,7,1996,Home,1552,Sí,Grup A,Pau Romero Castells,True,1996-07-14,29,0.05,1629.6
98226417L,141,Giulia,Russo Conti,Itàlia,Milà,25,2,1971,Dona,1044,No,Grup A,Giulia Russo Conti,False,1971-02-25,54,0.05,1096.2
99620931S,142,Clara,Sánchez Castells,Espanya,València,19,3,1972,Dona,1156,No,Grup A,Clara Sánchez Castells,True,1972-03-19,53,0.05,1213.8
65405375Z,143,Marc,García Romero,Espanya,Sevilla,2,1,1982,Home,1126,No,Grup A,Marc García Romero,True,1982-01-02,43,0.05,1182.3
10674532Q,144,Jordi,Castells Ferrer,Espanya,Bilbao,23,2,1979,Home,1219,No,Grup A,Jordi Castells Ferrer,True,1979-02-23,46,0.05,1279.95
55464877X,145,Laia,Castells,Espanya,Sevilla,6,10,1992,,1471,No,Grup A,Laia Castells,True,1992-10-06,33,0.05,1544.55
30574341W,149,Oriol,García,Espanya,Madrid,8,3,1954,Altres,1562,No,Grup A,Oriol García,True,1954-03-08,71,0.05,1640.1
97566754L,150,Marc,Martínez Martínez,Espanya,Barcelona,6,4,2001,,1105,Sí,Grup A,Marc Martínez Martínez,True,2001-04-06,24,0.05,1160.25
54607036B,152,Eva,Ferrer,Espanya,Sevilla,24,1,1967,Dona,809,No,Grup A,Eva Ferrer,True,1967-01-24,58,0.05,849.45
27007812G,153,Toni,Romero,Espanya,Barcelona,9,12,1989,Home,1659,Sí,Grup A,Toni Romero,True,1989-12-09,35,0.05,1741.95
20733024B,155,Jordi,Ferrer Martínez,Espanya,Sevilla,26,1,1970,Home,1464,Sí,Grup A,Jordi Ferrer Martínez,True,1970-01-26,55,0.05,1537.2
53967981Q,158,Pau,Sánchez,Espanya,Madrid,1,12,1982,Altres,854,No,Grup A,Pau Sánchez,True,1982-12-01,43,0.05,896.7
52195959W,160,Carla,Castells García,Espanya,Bilbao,7,1,1994,Dona,1294,No,Grup A,Carla Castells García,True,1994-01-07,31,0.05,1358.7
93759961P,162,Alessandro,Russo Ferrari,Itàlia,Roma,13,8,1965,Home,940,No,Grup A,Alessandro Russo Ferrari,False,1965-08-13,60,0.05,987.0
45820844F,163,Michel,Lefevre,França,Lió,14,1,1985,Home,821,Sí,Grup A,Michel Lefevre,False,1985-01-14,40,0.05,862.05
89715580M,164,Salma,Zahraoui El Amrani,Marroc,Rabat,28,9,1950,Dona,1141,No,Grup A,Salma Zahraoui El Amrani,False,1950-09-28,75,0.05,1198.05
14065699S,168,Núria,Sánchez,Espanya,Sevilla,2,11,1991,Dona,1027,No,Grup A,Núria Sánchez,True,1991-11-02,34,0.05,1078.35
13695774G,169,Eva,Castells,Espanya,Madrid,20,11,1957,Dona,1377,No,Grup A,Eva Castells,True,1957-11-20,68,0.05,1445.85
15812105B,174,Marc,Martínez Ferrer,Espanya,Madrid,14,7,1971,Altres,1199,No,Grup A,Marc Martínez Ferrer,True,1971-07-14,54,0.05,1258.95
68523497H,182,Marta,Ferrer,Espanya,Madrid,6,10,1986,Dona,1280,No,Grup A,Marta Ferrer,True,1986-10-06,39,0.05,1344.0
85011730B,188,Oriol,García Castells,Espanya,Barcelona,18,6,1955,Home,1212,No,Grup A,Oriol García Castells,True,1955-06-18,70,0.05,1272.6
26724488C,189,Arnau,Ferrer Sánchez,Espanya,Sevilla,3,5,1994,Home,1079,No,Grup A,Arnau Ferrer Sánchez,True,1994-05-03,31,0.05,1132.95
76202240S,190,Louis,Moreau,França,Lió,13,2,1974,Home,1664,Sí,Grup A,Louis Moreau,False,1974-02-13,51,0.05,1747.2
59073585L,194,Oriol,Martínez Martínez,Espanya,Sevilla,14,6,1991,,1122,Sí,Grup A,Oriol Martínez Martínez,True,1991-06-14,34,0.05,1178.1
65912422Z,198,Carla,López,Espanya,Barcelona,18,7,1965,Dona,1159,Sí,Grup A,Carla López,True,1965-07-18,60,0.05,1216.95
18599075T,199,Eva,Sánchez,Espanya,Sevilla,7,8,1992,Dona,999,Sí,Grup A,Eva Sánchez,True,1992-08-07,33,0.05,1048.95
18968118M,203,Felipe,Gutiérrez Torres,Colòmbia,Bogotà,25,10,2004,Home,1376,No,Grup A,Felipe Gutiérrez Torres,False,2004-10-25,21,0.05,1444.8
52655443Q,204,Gabriela,Cruz González,Mèxic,Ciutat de Mèxic,3,1,1955,Dona,1033,Sí,Grup A,Gabriela Cruz González,False,1955-01-03,70,0.05,1084.65
77962069Z,205,Carla,Ferrer López,Espanya,València,2,4,1984,Dona,1495,Sí,Grup A,Carla Ferrer López,True,1984-04-02,41,0.05,1569.75
79849410R,207,Carla,Ferrer López,Espanya,Sevilla,17,7,1982,Dona,816,No,Grup A,Carla Ferrer López,True,1982-07-17,43,0.05,856.8
58786173A,209,Laia,Martínez,Espanya,Madrid,26,2,1979,Dona,1306,No,Grup A,Laia Martínez,True,1979-02-26,46,0.05,1371.3
80377928E,211,José,Hernández,Mèxic,Guadalajara,12,1,1992,Altres,1372,No,Grup A,José Hernández,False,1992-01-12,33,0.05,1440.6
35319597A,213,Toni,López Castells,Espanya,Sevilla,18,8,1977,Home,772,No,Grup A,Toni López Castells,True,1977-08-18,48,0.05,810.6
78873166E,214,Beatriz,Ferreira Ferreira,Portugal,Lisboa,17,11,1952,,974,No,Grup A,Beatriz Ferreira Ferreira,False,1952-11-17,73,0.05,1022.7
50776135C,215,Laia,Ferrer,Espanya,Barcelona,23,11,1972,Dona,940,No,Grup A,Laia Ferrer,True,1972-11-23,53,0.05,987.0
20477181R,216,Anna,Castells García,Espanya,Barcelona,22,10,1952,Dona,698,No,Grup A,Anna Castells García,True,1952-10-22,73,0.05,732.9
96251362T,217,Oriol,Ferrer Martínez,Espanya,Barcelona,26,7,1950,Home,954,No,Grup A,Oriol Ferrer Martínez,True,1950-07-26,75,0.05,1001.7
21898585T,218,Jordi,Sánchez,Espanya,Barcelona,18,6,1981,Home,800,Sí,Grup A,Jordi Sánchez,True,1981-06-18,44,0.05,840.0
60439277L,223,Marc,Castells Sánchez,Espanya,Madrid,24,10,1974,Home,842,No,Grup A,Marc Castells Sánchez,True,1974-10-24,51,0.05,884.1
24418722F,225,Marta,Romero Sánchez,Espanya,Bilbao,19,7,1968,Dona,1036,No,Grup A,Marta Romero Sánchez,True,1968-07-19,57,0.05,1087.8
93647831W,226,Jordi,Sánchez Martínez,Espanya,Barcelona,6,11,1998,Home,1095,No,Grup A,Jordi Sánchez Martínez,True,1998-11-06,27,0.05,1149.75
63099488Q,228,Youssef,Fassi Zahraoui,Marroc,Casablanca,8,3,2003,Home,1239,Sí,Grup A,Youssef Fassi Zahraoui,False,2003-03-08,22,0.05,1300.95
16775772V,229,Pau,López,Espanya,Madrid,24,5,1977,Home,847,No,Grup A,Pau López,True,1977-05-24,48,0.05,889.35
58136944R,230,Marta,Ferrer,Espanya,Barcelona,28,6,2001,Dona,1303,Sí,Grup A,Marta Ferrer,True,2001-06-28,24,0.05,1368.15
43731528C,231,Oliver,Jones,Regne Unit,Londres,1,6,1959,Home,911,Sí,Grup A,Oliver Jones,False,1959-06-01,66,0.05,956.55
56628392X,233,Carla,García Martínez,Espanya,Madrid,19,4,1981,Dona,1491,Sí,Grup A,Carla García Martínez,True,1981-04-19,44,0.05,1565.55
37718344N,234,Marta,García Sánchez,Espanya,València,3,2,1962,Dona,1120,Sí,Grup A,Marta García Sánchez,True,1962-02-03,63,0.05,1176.0
77632270Q,235,Laia,Castells,Espanya,Madrid,11,4,1986,Dona,917,No,Grup A,Laia Castells,True,1986-04-11,39,0.05,962.85
80554783G,236,Sophie,Moreau Dubois,França,Marsella,27,4,1956,Dona,1506,No,Grup A,Sophie Moreau Dubois,False,1956-04-27,69,0.05,1581.3
76674953J,237,Jordi,Sánchez,Espanya,Bilbao,5,3,1952,Home,1249,No,Grup A,Jordi Sánchez,True,1952-03-05,73,0.05,1311.45
10261037F,239,Clara,Sánchez,Espanya,Sevilla,14,10,1970,Dona,938,Sí,Grup A,Clara Sánchez,True,1970-10-14,55,0.05,984.9
72940295V,240,Tiago,Oliveira,Portugal,Porto,22,3,1989,Home,1354,Sí,Grup A,Tiago Oliveira,False,1989-03-22,36,0.05,1421.7
53263676R,241,Chloé,Girard,França,París,5,10,1952,Dona,741,Sí,Grup A,Chloé Girard,False,1952-10-05,73,0.05,778.05
69900538Q,246,Núria,López Romero,Espanya,Barcelona,17,9,1957,Dona,1047,No,Grup A,Núria López Romero,True,1957-09-17,68,0.05,1099.35
97525504X,248,Laia,Martínez,Espanya,Barcelona,22,1,1951,Dona,1188,Sí,Grup A,Laia Martínez,True,1951-01-22,74,0.05,1247.4
49833520M,250,Marta,García Romero,Espanya,Madrid,27,10,1984,Dona,954,No,Grup A,Marta García Romero,True,1984-10-27,41,0.05,1001.7
30736318Q,252,Élise,Moreau,França,París,25,7,2001,Dona,930,No,Grup A,Élise Moreau,False,2001-07-25,24,0.05,976.5
57192874B,253,Pau,Romero Romero,Espanya,Sevilla,12,4,1990,Home,940,No,Grup A,Pau Romero Romero,True,1990-04-12,35,0.05,987.0
31682831V,257,Daniela,Torres,Colòmbia,Medellín,17,5,1970,Dona,1064,Sí,Grup A,Daniela Torres,False,1970-05-17,55,0.05,1117.2
81401769X,261,Clara,Ferrer,Espanya,València,14,12,2002,Dona,979,Sí,Grup A,Clara Ferrer,True,2002-12-14,22,0.05,1027.95
98052221N,262,Marta,Martínez,Espanya,Bilbao,22,6,1973,Dona,818,No,Grup A,Marta Martínez,True,1973-06-22,52,0.05,858.9
68625528R,264,Jordi,López,Espanya,València,1,5,1996,Home,1319,Sí,Grup A,Jordi López,True,1996-05-01,29,0.05,1384.95
58101481N,265,Jordi,Sánchez,Espanya,Bilbao,20,4,1993,Home,1289,No,Grup A,Jordi Sánchez,True,1993-04-20,32,0.05,1353.45
12401771G,266,Anna,García,Espanya,Madrid,19,7,1972,,1019,No,Grup A,Anna García,True,1972-07-19,53,0.05,1069.95
16472230S,271,Clara,Ferrer García,Espanya,València,26,1,1957,Dona,696,Sí,Grup A,Clara Ferrer García,True,1957-01-26,68,0.05,730.8
29758839B,272,Eva,García Sánchez,Espanya,Madrid,28,5,1968,Dona,948,No,Grup A,Eva García Sánchez,True,1968-05-28,57,0.05,995.4
34349532Y,273,Marc,Ferrer Sánchez,Espanya,Barcelona,15,7,1977,Home,1674,No,Grup A,Marc Ferrer Sánchez,True,1977-07-15,48,0.05,1757.7
52037173E,274,Núria,García Martínez,Espanya,Barcelona,26,5,2005,Dona,1320,Sí,Grup A,Núria García Martínez,True,2005-05-26,20,0.05,1386.0
38355195J,275,Pau,Ferrer García,Espanya,València,14,9,1984,Home,1269,Sí,Grup A,Pau Ferrer García,True,1984-09-14,41,0.05,1332.45
61746871V,276,Alessandro,Ferrari,Itàlia,Torí,13,4,1972,Altres,1334,Sí,Grup A,Alessandro Ferrari,False,1972-04-13,53,0.05,1400.7
59810160K,277,Jordi,Romero Ferrer,Espanya,Madrid,15,4,2002,Home,1289,No,Grup A,Jordi Romero Ferrer,True,2002-04-15,23,0.05,1353.45
10102138Q,280,Núria,Sánchez Martínez,Espanya,Madrid,4,1,1958,Dona,1450,No,Grup A,Núria Sánchez Martínez,True,1958-01-04,67,0.05,1522.5
23266650S,281,Lea,Müller,Alemanya,Hamburg,14,4,2003,Dona,1314,No,Grup A,Lea Müller,False,2003-04-14,22,0.05,1379.7
74165595P,282,Jordi,Castells,Espanya,Bilbao,1,6,1953,Home,1326,Sí,Grup A,Jordi Castells,True,1953-06-01,72,0.05,1392.3
37325572G,283,Carla,López López,Espanya,Barcelona,7,3,1956,Dona,812,Sí,Grup A,Carla López López,True,1956-03-07,69,0.05,852.6
21309247F,284,Oriol,García Ferrer,Espanya,Barcelona,9,12,2003,Home,1603,Sí,Grup A,Oriol García Ferrer,True,2003-12-09,21,0.05,1683.15
92913286B,285,Michel,Dubois Dubois,França,Lió,4,9,1979,Home,1095,No,Grup A,Michel Dubois Dubois,False,1979-09-04,46,0.05,1149.75
71124235C,286,Carla,Ferrer,Espanya,Barcelona,27,10,1987,Dona,836,No,Grup A,Carla Ferrer,True,1987-10-27,38,0.05,877.8
42839231P,288,Arnau,López Martínez,Espanya,Barcelona,15,11,1972,Home,1587,No,Grup A,Arnau López Martínez,True,1972-11-15,53,0.05,1666.35
90781919E,289,Miguel,González,Mèxic,Guadalajara,15,9,1955,Home,1174,No,Grup A,Miguel González,False,1955-09-15,70,0.05,1232.7
43099073D,293,Marc,Martínez Martínez,Espanya,Bilbao,4,1,2001,Home,1668,Sí,Grup A,Marc Martínez Martínez,True,2001-01-04,24,0.05,1751.4
71930041T,295,Oriol,Romero Castells,Espanya,València,25,4,1970,Home,1466,No,Grup A,Oriol Romero Castells,True,1970-04-25,55,0.05,1539.3
20637004R,296,Jordi,Romero López,Espanya,Sevilla,13,3,1973,Home,1366,No,Grup A,Jordi Romero López,True,1973-03-13,52,0.05,1434.3
16777341F,299,José,González,Mèxic,Ciutat de Mèxic,16,8,1973,Home,1026,No,Grup A,José González,False,1973-08-16,52,0.05,1077.3
38867232T,304,Eva,García,Espanya,València,28,9,1950,Dona,756,No,Grup A,Eva García,True,1950-09-28,75,0.05,793.8
15056420W,305,George,Taylor Taylor,Regne Unit,Londres,8,9,1965,Home,1135,Sí,Grup A,George Taylor Taylor,False,1965-09-08,60,0.05,1191.75
21786454M,307,Laia,Martínez,Espanya,Barcelona,11,2,1951,Dona,1306,No,Grup A,Laia Martínez,True,1951-02-11,74,0.05,1371.3
28269893J,308,Joan,Martínez Martínez,Espanya,València,1,2,1960,Home,1010,No,Grup A,Joan Martínez Martínez,True,1960-02-01,65,0.05,1060.5
26819385K,310,Sara,Torres Castro,Colòmbia,Medellín,8,8,1987,Dona,1045,No,Grup A,Sara Torres Castro,False,1987-08-08,38,0.05,1097.25
66434842X,311,James,Smith,Regne Unit,Londres,1,6,1954,Home,1078,No,Grup A,James Smith,False,1954-06-01,71,0.05,1131.9
63679621R,312,Laia,Martínez Romero,Espanya,Barcelona,5,9,1958,Dona,1045,No,Grup A,Laia Martínez Romero,True,1958-09-05,67,0.05,1097.25
12700084Q,314,Pau,Ferrer López,Espanya,Madrid,16,2,1966,,1183,Sí,Grup A,Pau Ferrer López,True,1966-02-16,59,0.05,1242.15
62868203H,317,Marta,López,Espanya,Madrid,26,8,1988,Dona,1339,Sí,Grup A,Marta López,True,1988-08-26,37,0.05,1405.95
94719538H,324,Carla,Romero Ferrer,Espanya,Sevilla,28,5,1991,Dona,730,No,Grup A,Carla Romero Ferrer,True,1991-05-28,34,0.05,766.5
57512928A,325,Laura,Castro Gutiérrez,Colòmbia,Bogotà,18,2,1950,Dona,995,No,Grup A,Laura Castro Gutiérrez,False,1950-02-18,75,0.05,1044.75
80030295H,326,Carla,Romero López,Espanya,Barcelona,23,5,2002,Dona,776,Sí,Grup A,Carla Romero López,True,2002-05-23,23,0.05,814.8
25373007Z,327,Eva,García,Espanya,Madrid,10,3,1971,,1228,Sí,Grup A,Eva García,True,1971-03-10,54,0.05,1289.4
90109014Q,329,Mia,Schneider Müller,Alemanya,Munic,28,3,1957,Dona,766,No,Grup A,Mia Schneider Müller,False,1957-03-28,68,0.05,804.3
54523654J,336,Jordi,Romero Romero,Espanya,València,11,6,1984,Home,972,No,Grup A,Jordi Romero Romero,True,1984-06-11,41,0.05,1020.6
14486584J,342,Marta,Romero Castells,Espanya,València,12,12,1988,Dona,835,No,Grup A,Marta Romero Castells,True,1988-12-12,36,0.05,876.75
74694535Z,343,Lucía,Fernández,Argentina,Buenos Aires,8,8,1953,Dona,764,No,Grup A,Lucía Fernández,False,1953-08-08,72,0.05,802.2
29043853R,344,Toni,García Ferrer,Espanya,València,22,9,1988,Home,1018,No,Grup A,Toni García Ferrer,True,1988-09-22,37,0.05,1068.9
87981337P,346,Amina,Zahraoui Fassi,Marroc,Casablanca,20,1,1984,Dona,1107,No,Grup A,Amina Zahraoui Fassi,False,1984-01-20,41,0.05,1162.35
44910416G,349,Toni,Romero,Espanya,València,17,2,2003,Home,1624,Sí,Grup A,Toni Romero,True,2003-02-17,22,0.05,1705.2
60957935K,350,Eva,López,Espanya,Bilbao,26,12,1964,Dona,1214,No,Grup A,Eva López,True,1964-12-26,60,0.05,1274.7
57544317R,351,Louis,Girard Lefevre,França,Marsella,26,3,1983,Home,1009,Sí,Grup A,Louis Girard Lefevre,False,1983-03-26,42,0.05,1059.45
38593878Z,352,Jordi,García,Espanya,Bilbao,11,1,1950,Home,994,No,Grup A,Jordi García,True,1950-01-11,75,0.05,1043.7
57180085D,353,Marta,López,Espanya,Sevilla,25,8,1971,Dona,1056,Sí,Grup A,Marta López,True,1971-08-25,54,0.05,1108.8
23492566L,354,Arnau,Ferrer García,Espanya,Sevilla,17,3,1989,Home,1377,No,Grup A,Arnau Ferrer García,True,1989-03-17,36,0.05,1445.85
47351659S,356,Salma,El Amrani,Marroc,Casablanca,12,10,1987,Dona,1414,No,Grup A,Salma El Amrani,False,1987-10-12,38,0.05,1484.7
37774950Y,358,Carla,García,Espanya,Barcelona,25,10,1952,Dona,950,No,Grup A,Carla García,True,1952-10-25,73,0.05,997.5
65737147M,362,William,Brown Smith,Regne Unit,Londres,17,7,1959,Home,1147,Sí,Grup A,William Brown Smith,False,1959-07-17,66,0.05,1204.35
16112726L,363,Clara,Castells Romero,Espanya,Barcelona,4,1,1999,Dona,1392,Sí,Grup A,Clara Castells Romero,True,1999-01-04,26,0.05,1461.6
66520712S,366,Pau,Castells,Espanya,Barcelona,1,7,1972,Home,1006,No,Grup A,Pau Castells,True,1972-07-01,53,0.05,1056.3
47195129C,369,Jordi,López,Espanya,València,24,10,1954,Home,1055,No,Grup A,Jordi López,True,1954-10-24,71,0.05,1107.75
18575690Y,370,João,Oliveira Ferreira,Portugal,Lisboa,21,3,1985,Home,1225,No,Grup A,João Oliveira Ferreira,False,1985-03-21,40,0.05,1286.25
15387541Y,371,Andrés,Castro,Colòmbia,Medellín,8,3,2000,Altres,996,No,Grup A,Andrés Castro,False,2000-03-08,25,0.05,1045.8
57892591M,372,Anna,Castells,Espanya,Barcelona,2,1,1951,Dona,919,No,Grup A,Anna Castells,True,1951-01-02,74,0.05,964.95
25403469P,374,Clara,García,Espanya,Sevilla,19,8,1998,Dona,747,No,Grup A,Clara García,True,1998-08-19,27,0.05,784.35
91347406Y,379,Lucía,Fernández,Argentina,Buenos Aires,28,11,1978,,758,No,Grup A,Lucía Fernández,False,1978-11-28,47,0.05,795.9
45074340P,382,Núria,Ferrer,Espanya,Barcelona,27,10,1977,Dona,1123,No,Grup A,Núria Ferrer,True,1977-10-27,48,0.05,1179.15
29471837G,387,Camille,Moreau,França,París,6,2,1957,Dona,797,No,Grup A,Camille Moreau,False,1957-02-06,68,0.05,836.85
13508244R,388,Oriol,Martínez Martínez,Espanya,Sevilla,21,3,1951,Home,1466,No,Grup A,Oriol Martínez Martínez,True,1951-03-21,74,0.05,1539.3
25331092S,389,Sophie,Jones,Regne Unit,Londres,26,1,1963,Dona,684,No,Grup A,Sophie Jones,False,1963-01-26,62,0.05,718.2
29550519X,395,Miguel,Silva,Portugal,Lisboa,12,6,1971,,897,No,Grup A,Miguel Silva,False,1971-06-12,54,0.05,941.85
85031552D,397,Laia,Ferrer Martínez,Espanya,Sevilla,23,10,1962,Dona,1408,Sí,Grup A,Laia Ferrer Martínez,True,1962-10-23,63,0.05,1478.4
87427498D,398,Laura,Rojas,Colòmbia,Medellín,9,5,1969,Dona,988,No,Grup A,Laura Rojas,False,1969-05-09,56,0.05,1037.4
19404501Z,399,Arnau,Ferrer Sánchez,Espanya,Bilbao,6,11,1969,Home,1332,Sí,Grup A,Arnau Ferrer Sánchez,True,1969-11-06,56,0.05,1398.6
17972901L,400,Carla,Sánchez López,Espanya,Sevilla,11,6,1989,Dona,1081,Sí,Grup A,Carla Sánchez López,True,1989-06-11,36,0.05,1135.05
92286029R,402,Núria,López,Espanya,Sevilla,5,5,1977,Dona,1024,No,Grup A,Núria López,True,1977-05-05,48,0.05,1075.2
66183009R,404,Miguel,Cruz,Mèxic,Guadalajara,28,9,1955,Home,1256,Sí,Grup A,Miguel Cruz,False,1955-09-28,70,0.05,1318.8
90904549G,405,Marc,López Martínez,Espanya,Madrid,18,11,2004,Home,1275,Sí,Grup A,Marc López Martínez,True,2004-11-18,21,0.05,1338.75
93623062E,407,Pau,López García,Espanya,Sevilla,4,7,1992,Home,1668,No,Grup A,Pau López García,True,1992-07-04,33,0.05,1751.4
73587985T,409,Francesca,Ferrari,Itàlia,Torí,25,3,1999,Dona,1045,Sí,Grup A,Francesca Ferrari,False,1999-03-25,26,0.05,1097.25
48610709N,410,Toni,García García,Espanya,Madrid,9,6,1958,Home,1400,Sí,Grup A,Toni García García,True,1958-06-09,67,0.05,1470.0
37416719D,413,Anna,López,Espanya,Bilbao,17,6,1995,Dona,1330,Sí,Grup A,Anna López,True,1995-06-17,30,0.05,1396.5
91797004K,414,Toni,Sánchez Sánchez,Espanya,Sevilla,16,7,1950,Home,1294,No,Grup A,Toni Sánchez Sánchez,True,1950-07-16,75,0.05,1358.7
20460695D,417,Laia,Ferrer Romero,Espanya,Sevilla,25,8,1951,Dona,1303,Sí,Grup A,Laia Ferrer Romero,True,1951-08-25,74,0.05,1368.15
27053674Z,418,Amina,El Amrani,Marroc,Rabat,25,1,1959,Dona,854,Sí,Grup A,Amina El Amrani,False,1959-01-25,66,0.05,896.7
88308185F,420,Jordi,Romero García,Espanya,Bilbao,19,12,1984,Home,1535,Sí,Grup A,Jordi Romero García,True,1984-12-19,40,0.05,1611.75
47905259N,422,Clara,López García,Espanya,València,13,10,1988,Dona,825,Sí,Grup A,Clara López García,True,1988-10-13,37,0.05,866.25
54313717Q,423,Laura,Castro,Colòmbia,Medellín,19,6,1958,Dona,1484,No,Grup A,Laura Castro,False,1958-06-19,67,0.05,1558.2
38394682L,424,Clara,Sánchez Ferrer,Espanya,Madrid,21,4,1963,Dona,1324,Sí,Grup A,Clara Sánchez Ferrer,True,1963-04-21,62,0.05,1390.2
33214782A,425,Matías,Rodríguez,Argentina,Buenos Aires,12,6,1950,,1055,No,Grup A,Matías Rodríguez,False,1950-06-12,75,0.05,1107.75
30011388C,426,Jordi,Sánchez Ferrer,Espanya,Madrid,2,4,1977,Home,1014,No,Grup A,Jordi Sánchez Ferrer,True,1977-04-02,48,0.05,1064.7
14828163F,428,Marc,Martínez García,Espanya,Sevilla,12,3,1965,Home,1585,No,Grup A,Marc Martínez García,True,1965-03-12,60,0.05,1664.25
93868679R,437,María,Cruz,Mèxic,Guadalajara,23,6,1978,Dona,746,Sí,Grup A,María Cruz,False,1978-06-23,47,0.05,783.3
53118513Z,440,Carla,Martínez Sánchez,Espanya,Madrid,6,2,2004,Dona,689,Sí,Grup A,Carla Martínez Sánchez,True,2004-02-06,21,0.05,723.45
89545864F,446,Tomás,Gómez,Argentina,Còrdova,19,1,1996,Home,1104,Sí,Grup A,Tomás Gómez,False,1996-01-19,29,0.05,1159.2
70113350T,447,Pau,Castells,Espanya,Bilbao,17,4,1952,,1117,No,Grup A,Pau Castells,True,1952-04-17,73,0.05,1172.85
19178233C,450,Jean,Moreau Girard,França,Marsella,12,11,1989,Home,866,No,Grup A,Jean Moreau Girard,False,1989-11-12,36,0.05,909.3
35909931K,455,Laia,Martínez López,Espanya,València,17,5,1976,Dona,1179,Sí,Grup A,Laia Martínez López,True,1976-05-17,49,0.05,1237.95
75690264M,459,Anna,Romero,Espanya,València,17,11,1976,Dona,1286,No,Grup A,Anna Romero,True,1976-11-17,49,0.05,1350.3
27395242L,460,Daniel,Castro Torres,Colòmbia,Bogotà,5,4,1992,Home,1010,Sí,Grup A,Daniel Castro Torres,False,1992-04-05,33,0.05,1060.5
72488520Y,463,Youssef,Fassi El Amrani,Marroc,Rabat,26,5,1968,Home,995,Sí,Grup A,Youssef Fassi El Amrani,False,1968-05-26,57,0.05,1044.75
87072861Y,464,Miguel,Ferreira,Portugal,Porto,19,2,1990,Home,1202,No,Grup A,Miguel Ferreira,False,1990-02-19,35,0.05,1262.1
99946609J,465,Inês,Silva Oliveira,Portugal,Porto,11,2,1986,Dona,953,No,Grup A,Inês Silva Oliveira,False,1986-02-11,39,0.05,1000.65
77786231R,466,Marc,García López,Espanya,Madrid,11,8,1963,Home,1024,No,Grup A,Marc García López,True,1963-08-11,62,0.05,1075.2
16349607A,468,Daniel,Rojas Castro,Colòmbia,Medellín,7,10,1952,Home,799,Sí,Grup A,Daniel Rojas Castro,False,1952-10-07,73,0.05,838.95
19835344L,471,Anna,Ferrer,Espanya,Madrid,8,5,1966,Dona,767,No,Grup A,Anna Ferrer,True,1966-05-08,59,0.05,805.35
72548015K,475,Núria,Romero Castells,Espanya,València,10,4,1996,,776,No,Grup A,Núria Romero Castells,True,1996-04-10,29,0.05,814.8
63645871Q,476,Toni,López,Espanya,Barcelona,27,9,1979,,861,No,Grup A,Toni López,True,1979-09-27,46,0.05,904.05
12689894Z,480,Marta,López,Espanya,Bilbao,24,7,1967,Dona,1421,No,Grup A,Marta López,True,1967-07-24,58,0.05,1492.05
17266104D,481,Oriol,Ferrer,Espanya,Madrid,9,7,1985,Altres,726,No,Grup A,Oriol Ferrer,True,1985-07-09,40,0.05,762.3
15071348H,483,Núria,Romero,Espanya,València,11,6,1951,Dona,712,No,Grup A,Núria Romero,True,1951-06-11,74,0.05,747.6
93757958D,484,Inês,Silva,Portugal,Lisboa,20,8,1990,Dona,1121,Sí,Grup A,Inês Silva,False,1990-08-20,35,0.05,1177.05
89595235W,489,Clara,Romero,Espanya,Sevilla,23,3,1999,Dona,758,No,Grup A,Clara Romero,True,1999-03-23,26,0.05,795.9
71304182R,490,Núria,Ferrer,Espanya,Bilbao,17,3,1979,Dona,1219,Sí,Grup A,Núria Ferrer,True,1979-03-17,46,0.05,1279.95
15228560C,492,Jordi,Castells,Espanya,Barcelona,19,7,1978,Home,1541,No,Grup A,Jordi Castells,True,1978-07-19,47,0.05,1618.05
20214876P,496,Alessia,Russo,Itàlia,Torí,28,11,1954,Dona,969,Sí,Grup A,Alessia Russo,False,1954-11-28,71,0.05,1017.45
61343247E,497,Florencia,Gómez,Argentina,Còrdova,8,7,1984,,1594,No,Grup A,Florencia Gómez,False,1984-07-08,41,0.05,1673.7
36334567G,498,Pau,Martínez López,Espanya,València,19,12,1994,Home,1498,No,Grup A,Pau Martínez López,True,1994-12-19,30,0.05,1572.9
47691452T,500,Laia,Romero,Espanya,València,18,7,1950,Dona,1007,No,Grup A,Laia Romero,True,1950-07-18,75,0.05,1057.35
48127366Y,501,Pau,Sánchez,Espanya,València,26,5,1954,Home,1411,No,Grup A,Pau Sánchez,True,1954-05-26,71,0.05,1481.55
49287703B,502,Daniel,Castro,Colòmbia,Medellín,13,10,1956,Home,1207,Sí,Grup A,Daniel Castro,False,1956-10-13,69,0.05,1267.35
82418527A,504,Jordi,Ferrer,Espanya,Barcelona,28,6,2002,Home,961,No,Grup A,Jordi Ferrer,True,2002-06-28,23,0.05,1009.05
65339008Z,506,Salma,Zahraoui,Marroc,Casablanca,20,12,1971,Dona,1399,Sí,Grup A,Salma Zahraoui,False,1971-12-20,53,0.05,1468.95
91690612P,510,Clara,Castells,Espanya,Madrid,15,3,1981,Dona,1519,Sí,Grup A,Clara Castells,True,1981-03-15,44,0.05,1594.95
32219930D,512,Eva,García Ferrer,Espanya,València,22,2,1991,Dona,665,Sí,Grup A,Eva García Ferrer,True,1991-02-22,34,0.05,698.25
18479670K,516,Pau,Castells,Espanya,Barcelona,14,9,1991,Home,1564,No,Grup A,Pau Castells,True,1991-09-14,34,0.05,1642.2
75340954W,517,Joan,Ferrer,Espanya,Bilbao,21,5,1981,,1408,No,Grup A,Joan Ferrer,True,1981-05-21,44,0.05,1478.4
24238964E,519,Joan,Martínez Castells,Espanya,Barcelona,22,7,1987,Home,1165,No,Grup A,Joan Martínez Castells,True,1987-07-22,38,0.05,1223.25
12767161T,520,Toni,Castells Castells,Espanya,Madrid,20,3,1950,Home,1533,No,Grup A,Toni Castells Castells,True,1950-03-20,75,0.05,1609.65
74074321A,522,Carla,Ferrer Castells,Espanya,Sevilla,2,8,1957,Dona,1091,Sí,Grup A,Carla Ferrer Castells,True,1957-08-02,68,0.05,1145.55
46145725B,523,Toni,Ferrer,Espanya,Barcelona,24,8,1972,Home,1667,Sí,Grup A,Toni Ferrer,True,1972-08-24,53,0.05,1750.35
97294667E,525,Jordi,García,Espanya,Barcelona,3,1,1975,Home,966,Sí,Grup A,Jordi García,True,1975-01-03,50,0.05,1014.3
35241609K,526,Francesca,Russo,Itàlia,Torí,9,11,1986,Dona,1344,Sí,Grup A,Francesca Russo,False,1986-11-09,39,0.05,1411.2
87906075W,527,Arnau,Sánchez Martínez,Espanya,Madrid,12,11,2003,Home,766,No,Grup A,Arnau Sánchez Martínez,True,2003-11-12,22,0.05,804.3
31059050X,528,Amina,Fassi,Marroc,Casablanca,13,12,1971,,1460,No,Grup A,Amina Fassi,False,1971-12-13,53,0.05,1533.0
60378955C,529,Fatima,Zahraoui El Amrani,Marroc,Rabat,27,1,1986,Dona,1312,No,Grup A,Fatima Zahraoui El Amrani,False,1986-01-27,39,0.05,1377.6
48242975Q,534,Arnau,Sánchez Sánchez,Espanya,Sevilla,5,7,1974,Home,1485,No,Grup A,Arnau Sánchez Sánchez,True,1974-07-05,51,0.05,1559.25
16218169P,535,William,Brown,Regne Unit,Londres,24,2,1991,Home,997,Sí,Grup A,William Brown,False,1991-02-24,34,0.05,1046.85
81901030H,536,Marc,Castells,Espanya,Sevilla,20,9,1970,Home,1108,Sí,Grup A,Marc Castells,True,1970-09-20,55,0.05,1163.4
69723912X,538,Miguel,Oliveira Pereira,Portugal,Porto,19,4,1958,Home,1030,No,Grup A,Miguel Oliveira Pereira,False,1958-04-19,67,0.05,1081.5
87631058F,539,Joan,Ferrer Castells,Espanya,Madrid,25,10,1967,Home,1249,Sí,Grup A,Joan Ferrer Castells,True,1967-10-25,58,0.05,1311.45
33400905A,541,Joan,Ferrer,Espanya,Sevilla,19,12,1970,,1012,No,Grup A,Joan Ferrer,True,1970-12-19,54,0.05,1062.6
68343127F,542,Youssef,Zahraoui,Marroc,Casablanca,2,3,1998,Home,1599,No,Grup A,Youssef Zahraoui,False,1998-03-02,27,0.05,1678.95
99688433B,544,Toni,Castells,Espanya,València,1,5,1960,Home,1634,Sí,Grup A,Toni Castells,True,1960-05-01,65,0.05,1715.7
16378767Z,545,Marc,Ferrer Romero,Espanya,Madrid,9,10,1973,Home,1081,No,Grup A,Marc Ferrer Romero,True,1973-10-09,52,0.05,1135.05
74158500N,546,Laura,Schneider,Alemanya,Hamburg,25,1,1957,Dona,1368,No,Grup A,Laura Schneider,False,1957-01-25,68,0.05,1436.4
99611153A,551,Arnau,Sánchez,Espanya,Barcelona,16,12,1998,Home,1435,No,Grup A,Arnau Sánchez,True,1998-12-16,26,0.05,1506.75
73063501Z,554,Eva,Ferrer,Espanya,Sevilla,4,11,1990,Dona,1365,Sí,Grup A,Eva Ferrer,True,1990-11-04,35,0.05,1433.25
36106979Y,555,Pau,Sánchez,Espanya,Sevilla,1,2,1953,Home,1037,No,Grup A,Pau Sánchez,True,1953-02-01,72,0.05,1088.85
90389717L,558,Clara,Martínez Romero,Espanya,València,9,7,1973,Dona,1065,Sí,Grup A,Clara Martínez Romero,True,1973-07-09,52,0.05,1118.25
85693556P,559,Joan,Romero Martínez,Espanya,Barcelona,2,11,1973,Home,1546,Sí,Grup A,Joan Romero Martínez,True,1973-11-02,52,0.05,1623.3
27368854D,561,Marta,Castells López,Espanya,Barcelona,9,6,1985,Dona,1438,No,Grup A,Marta Castells López,True,1985-06-09,40,0.05,1509.9
58740246B,563,Pau,Ferrer Martínez,Espanya,Barcelona,24,12,1964,Home,853,No,Grup A,Pau Ferrer Martínez,True,1964-12-24,60,0.05,895.65
14098793R,564,Alessandro,Ferrari,Itàlia,Torí,22,7,2003,Home,1443,Sí,Grup A,Alessandro Ferrari,False,2003-07-22,22,0.05,1515.15
68722397X,565,Laia,Romero Martínez,Espanya,Barcelona,28,5,1964,Dona,1015,No,Grup A,Laia Romero Martínez,True,1964-05-28,61,0.05,1065.75
12118177C,568,Jean,Dubois,França,Marsella,24,11,1970,Home,1045,No,Grup A,Jean Dubois,False,1970-11-24,55,0.05,1097.25
70806232V,569,Arnau,Romero,Espanya,València,24,6,1976,Home,772,No,Grup A,Arnau Romero,True,1976-06-24,49,0.05,810.6
52604206S,570,Olivia,Taylor,Regne Unit,Londres,13,9,1992,,1416,Sí,Grup A,Olivia Taylor,False,1992-09-13,33,0.05,1486.8
97210518F,571,Clara,Sánchez Romero,Espanya,Bilbao,16,3,2004,Dona,1024,No,Grup A,Clara Sánchez Romero,True,2004-03-16,21,0.05,1075.2
19113138L,574,João,Oliveira,Portugal,Lisboa,1,7,1979,Home,1276,No,Grup A,João Oliveira,False,1979-07-01,46,0.05,1339.8
83374173K,575,Florencia,Álvarez,Argentina,Buenos Aires,14,11,1961,Dona,1043,No,Grup A,Florencia Álvarez,False,1961-11-14,64,0.05,1095.15
31397148Y,576,João,Silva,Portugal,Lisboa,2,7,1994,Home,1634,No,Grup A,João Silva,False,1994-07-02,31,0.05,1715.7
41718924T,578,Marc,Martínez Castells,Espanya,Barcelona,13,5,1979,,1473,No,Grup A,Marc Martínez Castells,True,1979-05-13,46,0.05,1546.65
83602803G,582,Joan,Ferrer,Espanya,Sevilla,2,2,1964,Home,1213,No,Grup A,Joan Ferrer,True,1964-02-02,61,0.05,1273.65
52759329M,583,Jordi,Martínez Ferrer,Espanya,València,18,2,1972,Altres,778,No,Grup A,Jordi Martínez Ferrer,True,1972-02-18,53,0.05,816.9
28210536A,584,Anna,Sánchez López,Espanya,Madrid,4,8,1997,Altres,1197,No,Grup A,Anna Sánchez López,True,1997-08-04,28,0.05,1256.85
76436789V,586,Eva,Romero,Espanya,Bilbao,18,7,1967,Dona,1322,No,Grup A,Eva Romero,True,1967-07-18,58,0.05,1388.1
84904881L,587,Pau,Castells Martínez,Espanya,Barcelona,3,1,1985,Home,1242,No,Grup A,Pau Castells Martínez,True,1985-01-03,40,0.05,1304.1
80909731Y,590,Jordi,García López,Espanya,Sevilla,6,6,1971,Home,1249,Sí,Grup A,Jordi García López,True,1971-06-06,54,0.05,1311.45
66842033A,591,Núria,Romero Romero,Espanya,Madrid,3,3,1962,Dona,894,No,Grup A,Núria Romero Romero,True,1962-03-03,63,0.05,938.7
44245943V,592,Gabriela,Cruz,Mèxic,Guadalajara,27,1,1955,Dona,1396,No,Grup A,Gabriela Cruz,False,1955-01-27,70,0.05,1465.8
44569678M,594,Laia,Castells,Espanya,Madrid,9,8,1977,Dona,981,No,Grup A,Laia Castells,True,1977-08-09,48,0.05,1030.05
87865381W,595,Marta,Martínez,Espanya,Sevilla,17,7,2000,Dona,1197,No,Grup A,Marta Martínez,True,2000-07-17,25,0.05,1256.85
21820075A,596,Arnau,Sánchez,Espanya,Bilbao,23,1,1978,Home,1107,No,Grup A,Arnau Sánchez,True,1978-01-23,47,0.05,1162.35
76257088H,600,Francesca,Conti,Itàlia,Roma,10,8,1955,Dona,810,Sí,Grup A,Francesca Conti,False,1955-08-10,70,0.05,850.5
51635247N,603,Clara,Sánchez Castells,Espanya,València,6,10,1973,Dona,1167,No,Grup A,Clara Sánchez Castells,True,1973-10-06,52,0.05,1225.35
42128077K,605,Núria,Castells,Espanya,València,16,2,2001,Dona,892,No,Grup A,Núria Castells,True,2001-02-16,24,0.05,936.6
53983933P,607,Marta,Martínez Ferrer,Espanya,València,2,11,2001,Dona,806,No,Grup A,Marta Martínez Ferrer,True,2001-11-02,24,0.05,846.3
64697693K,608,Núria,Martínez Martínez,Espanya,Bilbao,20,8,2002,Dona,1006,No,Grup A,Núria Martínez Martínez,True,2002-08-20,23,0.05,1056.3
15021643F,609,Tiago,Ferreira Pereira,Portugal,Lisboa,15,3,1959,Altres,1263,No,Grup A,Tiago Ferreira Pereira,False,1959-03-15,66,0.05,1326.15
71377022P,611,Pau,López,Espanya,Madrid,28,12,1971,Home,794,Sí,Grup A,Pau López,True,1971-12-28,53,0.05,833.7
43507453W,612,Anna,Ferrer Martínez,Espanya,Bilbao,15,10,1981,Dona,850,Sí,Grup A,Anna Ferrer Martínez,True,1981-10-15,44,0.05,892.5
26414747E,613,Oriol,Martínez,Espanya,Sevilla,23,12,1991,Home,803,Sí,Grup A,Oriol Martínez,True,1991-12-23,33,0.05,843.15
69931972C,614,Toni,Martínez López,Espanya,Madrid,4,12,1983,Home,1607,Sí,Grup A,Toni Martínez López,True,1983-12-04,42,0.05,1687.35
86555403J,615,Marc,García,Espanya,Madrid,14,7,1977,Home,1599,No,Grup A,Marc García,True,1977-07-14,48,0.05,1678.95
52720140A,618,Daniel,Rojas Torres,Colòmbia,Bogotà,20,8,1985,Home,1457,Sí,Grup A,Daniel Rojas Torres,False,1985-08-20,40,0.05,1529.85
19863880V,619,Carla,López Romero,Espanya,Sevilla,22,4,1954,Dona,1173,Sí,Grup A,Carla López Romero,True,1954-04-22,71,0.05,1231.65
67985873N,622,Anna,Castells Ferrer,Espanya,Barcelona,8,1,1983,Dona,1494,Sí,Grup A,Anna Castells Ferrer,True,1983-01-08,42,0.05,1568.7
30525996L,627,Marc,López,Espanya,Sevilla,23,1,1965,Home,842,Sí,Grup A,Marc López,True,1965-01-23,60,0.05,884.1
90464341H,630,Jordi,Ferrer Martínez,Espanya,València,12,11,1981,Home,1664,No,Grup A,Jordi Ferrer Martínez,True,1981-11-12,44,0.05,1747.2
38127780Y,636,Louis,Dubois Girard,França,Lió,21,11,1950,Home,1085,No,Grup A,Louis Dubois Girard,False,1950-11-21,75,0.05,1139.25
95204020C,638,Oriol,Castells Ferrer,Espanya,València,14,10,1959,Home,1576,Sí,Grup A,Oriol Castells Ferrer,True,1959-10-14,66,0.05,1654.8
69796526G,642,Inês,Oliveira Ferreira,Portugal,Lisboa,2,5,1970,Dona,687,No,Grup A,Inês Oliveira Ferreira,False,1970-05-02,55,0.05,721.35
45203656T,643,Laia,Ferrer,Espanya,Sevilla,18,6,1988,Dona,947,No,Grup A,Laia Ferrer,True,1988-06-18,37,0.05,994.35
86198614J,646,Camila,Cruz Cruz,Mèxic,Guadalajara,2,1,1952,Dona,839,No,Grup A,Camila Cruz Cruz,False,1952-01-02,73,0.05,880.95
37757421G,647,Núria,Martínez Sánchez,Espanya,Madrid,23,5,1967,Dona,914,Sí,Grup A,Núria Martínez Sánchez,True,1967-05-23,58,0.05,959.7
14219190G,648,Carla,Ferrer García,Espanya,Madrid,19,12,1960,Dona,1405,Sí,Grup A,Carla Ferrer García,True,1960-12-19,64,0.05,1475.25
33177087Z,649,Toni,Romero,Espanya,Barcelona,7,5,1990,Home,1101,No,Grup A,Toni Romero,True,1990-05-07,35,0.05,1156.05
18873517G,651,Jordi,García Martínez,Espanya,Sevilla,7,2,1974,Home,774,Sí,Grup A,Jordi García Martínez,True,1974-02-07,51,0.05,812.7
45620823H,652,Alessia,Russo Russo,Itàlia,Torí,18,5,1995,Dona,1162,No,Grup A,Alessia Russo Russo,False,1995-05-18,30,0.05,1220.1
14778034E,654,Eva,Romero,Espanya,Madrid,21,1,1972,Dona,1022,Sí,Grup A,Eva Romero,True,1972-01-21,53,0.05,1073.1
32610074J,658,Joan,López,Espanya,Barcelona,22,10,1964,Home,1623,No,Grup A,Joan López,True,1964-10-22,61,0.05,1704.15
75293326J,660,Joan,García,Espanya,Bilbao,23,6,1960,Home,826,No,Grup A,Joan García,True,1960-06-23,65,0.05,867.3
94035504X,664,Louis,Dubois Dubois,França,París,22,9,1964,Home,1000,No,Grup A,Louis Dubois Dubois,False,1964-09-22,61,0.05,1050.0
85975055P,665,Giovanni,Rossi Ferrari,Itàlia,Torí,14,6,1991,Home,1022,No,Grup A,Giovanni Rossi Ferrari,False,1991-06-14,34,0.05,1073.1
72988314H,666,Marc,Sánchez,Espanya,Bilbao,3,6,1996,Home,1143,Sí,Grup A,Marc Sánchez,True,1996-06-03,29,0.05,1200.15
25144352S,667,Francesca,Rossi Russo,Itàlia,Torí,1,9,1994,Dona,1254,No,Grup A,Francesca Rossi Russo,False,1994-09-01,31,0.05,1316.7
53730243G,668,Anna,Ferrer Romero,Espanya,Sevilla,24,1,2005,Dona,718,No,Grup A,Anna Ferrer Romero,True,2005-01-24,20,0.05,753.9
21285125Z,670,Chloé,Moreau,França,Marsella,5,5,1976,Dona,1173,Sí,Grup A,Chloé Moreau,False,1976-05-05,49,0.05,1231.65
26130098V,672,Lucas,Álvarez,Argentina,Buenos Aires,2,8,1978,Home,899,Sí,Grup A,Lucas Álvarez,False,1978-08-02,47,0.05,943.95
22553315Z,674,Carla,López,Espanya,València,27,6,1972,Dona,912,No,Grup A,Carla López,True,1972-06-27,53,0.05,957.6
51701516Z,675,Jordi,Ferrer,Espanya,Bilbao,22,5,1960,Home,1325,No,Grup A,Jordi Ferrer,True,1960-05-22,65,0.05,1391.25
92136991X,681,Laia,Ferrer,Espanya,Madrid,18,8,1973,Dona,1083,Sí,Grup A,Laia Ferrer,True,1973-08-18,52,0.05,1137.15
18783620K,684,Andrés,Torres,Colòmbia,Medellín,13,1,1967,Home,1567,No,Grup A,Andrés Torres,False,1967-01-13,58,0.05,1645.35
77617404G,685,Joan,Martínez Romero,Espanya,Madrid,19,6,1972,Home,1129,Sí,Grup A,Joan Martínez Romero,True,1972-06-19,53,0.05,1185.45
14270387K,686,Eva,Castells Romero,Espanya,Bilbao,25,6,1974,Dona,1317,No,Grup A,Eva Castells Romero,True,1974-06-25,51,0.05,1382.85
72582805W,688,Juan,Álvarez,Argentina,Buenos Aires,21,2,1968,Home,887,Sí,Grup A,Juan Álvarez,False,1968-02-21,57,0.05,931.35
52982989C,689,Valentina,Castro Rojas,Colòmbia,Medellín,8,12,1986,Dona,817,Sí,Grup A,Valentina Castro Rojas,False,1986-12-08,38,0.05,857.85
93864786W,692,Marc,Romero,Espanya,València,8,6,1957,Home,793,Sí,Grup A,Marc Romero,True,1957-06-08,68,0.05,832.65
58780487Q,693,Arnau,Martínez Romero,Espanya,Bilbao,26,8,1997,Home,1430,No,Grup A,Arnau Martínez Romero,True,1997-08-26,28,0.05,1501.5
68747775D,694,Eva,Castells Romero,Espanya,Barcelona,13,2,1980,Altres,931,No,Grup A,Eva Castells Romero,True,1980-02-13,45,0.05,977.55
39256461F,695,Oriol,Martínez,Espanya,València,17,7,1951,Home,1593,No,Grup A,Oriol Martínez,True,1951-07-17,74,0.05,1672.65
53837158P,696,Toni,Ferrer,Espanya,Bilbao,7,4,1996,Altres,1269,No,Grup A,Toni Ferrer,True,1996-04-07,29,0.05,1332.45
61643122A,702,Marta,Sánchez,Espanya,València,28,10,1980,Dona,1357,Sí,Grup A,Marta Sánchez,True,1980-10-28,45,0.05,1424.85
80132051V,703,Carla,López,Espanya,València,4,6,1994,Dona,994,Sí,Grup A,Carla López,True,1994-06-04,31,0.05,1043.7
99934405Q,711,Oriol,Martínez Sánchez,Espanya,València,3,9,1969,Home,1214,Sí,Grup A,Oriol Martínez Sánchez,True,1969-09-03,56,0.05,1274.7
54035649P,712,Eva,Martínez Martínez,Espanya,Madrid,16,9,2003,Dona,1291,No,Grup A,Eva Martínez Martínez,True,2003-09-16,22,0.05,1355.55
66795744Q,717,Núria,López,Espanya,Sevilla,7,6,1956,Dona,1314,No,Grup A,Núria López,True,1956-06-07,69,0.05,1379.7
38900939H,719,Pau,Ferrer,Espanya,Sevilla,23,2,1996,Home,1507,Sí,Grup A,Pau Ferrer,True,1996-02-23,29,0.05,1582.35
46674072A,720,Laia,Castells Castells,Espanya,Bilbao,3,12,1968,,1330,Sí,Grup A,Laia Castells Castells,True,1968-12-03,57,0.05,1396.5
37528225W,721,Clara,Castells,Espanya,Barcelona,17,7,1953,Dona,778,No,Grup A,Clara Castells,True,1953-07-17,72,0.05,816.9
84944664N,723,Oriol,Romero,Espanya,Bilbao,28,3,1959,,913,Sí,Grup A,Oriol Romero,True,1959-03-28,66,0.05,958.65
42592903R,724,Emily,Taylor,Regne Unit,Londres,24,3,1976,Dona,1250,Sí,Grup A,Emily Taylor,False,1976-03-24,49,0.05,1312.5
95233500R,726,Clara,López García,Espanya,Sevilla,18,8,1955,Dona,988,No,Grup A,Clara López García,True,1955-08-18,70,0.05,1037.4
57441590Y,728,George,Brown Jones,Regne Unit,Manchester,27,12,1979,Home,1130,Sí,Grup A,George Brown Jones,False,1979-12-27,45,0.05,1186.5
14579601F,729,Arnau,Martínez,Espanya,Bilbao,13,8,1964,Home,1321,No,Grup A,Arnau Martínez,True,1964-08-13,61,0.05,1387.05
10570045V,730,Carla,Castells López,Espanya,València,17,10,1966,Dona,1034,No,Grup A,Carla Castells López,True,1966-10-17,59,0.05,1085.7
27743987C,733,Joan,García Ferrer,Espanya,Madrid,1,6,1975,Home,800,Sí,Grup A,Joan García Ferrer,True,1975-06-01,50,0.05,840.0
60786095W,737,Marc,García,Espanya,Madrid,8,1,1972,Altres,1553,No,Grup A,Marc García,True,1972-01-08,53,0.05,1630.65
90131757Y,738,Toni,Castells,Espanya,Sevilla,11,5,2004,Home,1353,No,Grup A,Toni Castells,True,2004-05-11,21,0.05,1420.65
95250887Z,739,Arnau,García,Espanya,Sevilla,10,9,1966,,1230,No,Grup A,Arnau García,True,1966-09-10,59,0.05,1291.5
13814869T,743,Joan,Romero Romero,Espanya,Barcelona,3,11,1995,Home,1108,Sí,Grup A,Joan Romero Romero,True,1995-11-03,30,0.05,1163.4
87956285P,746,Clara,García López,Espanya,València,21,1,1983,Dona,1101,Sí,Grup A,Clara García López,True,1983-01-21,42,0.05,1156.05
60189754G,747,Clara,Sánchez,Espanya,Barcelona,3,10,1985,Dona,1431,No,Grup A,Clara Sánchez,True,1985-10-03,40,0.05,1502.55
28369496M,748,Núria,López,Espanya,Barcelona,28,5,1961,Dona,797,Sí,Grup A,Núria López,True,1961-05-28,64,0.05,836.85
58204038A,751,Olivia,Brown Brown,Regne Unit,Manchester,28,8,1952,Altres,1023,No,Grup A,Olivia Brown Brown,False,1952-08-28,73,0.05,1074.15
14157308N,752,Eva,Sánchez,Espanya,Sevilla,28,6,1958,Altres,703,No,Grup A,Eva Sánchez,True,1958-06-28,67,0.05,738.15
73829702G,754,Miguel,Ramírez,Mèxic,Ciutat de Mèxic,26,4,2005,Home,1665,No,Grup A,Miguel Ramírez,False,2005-04-26,20,0.05,1748.25
41366739S,755,Khadija,El Amrani,Marroc,Casablanca,13,9,1998,Dona,1136,Sí,Grup A,Khadija El Amrani,False,1998-09-13,27,0.05,1192.8
83294970L,757,Jordi,López,Espanya,Sevilla,18,2,1998,Home,879,No,Grup A,Jordi López,True,1998-02-18,27,0.05,922.95
72654945E,760,Michel,Girard,França,París,12,3,2004,Home,1518,Sí,Grup A,Michel Girard,False,2004-03-12,21,0.05,1593.9
67234434Y,761,Valentina,Torres,Colòmbia,Medellín,12,7,1981,Dona,859,Sí,Grup A,Valentina Torres,False,1981-07-12,44,0.05,901.95
93347578D,762,José,Cruz González,Mèxic,Ciutat de Mèxic,24,10,1983,Home,1430,No,Grup A,José Cruz González,False,1983-10-24,42,0.05,1501.5
64708400Q,764,Eva,García,Espanya,Barcelona,27,10,1960,Dona,724,Sí,Grup A,Eva García,True,1960-10-27,65,0.05,760.2
94224511S,765,Camila,Cruz Cruz,Mèxic,Ciutat de Mèxic,19,7,1954,Dona,1292,Sí,Grup A,Camila Cruz Cruz,False,1954-07-19,71,0.05,1356.6
64443494X,769,Marc,García Romero,Espanya,Bilbao,25,1,2004,Home,1086,No,Grup A,Marc García Romero,True,2004-01-25,21,0.05,1140.3
54172956P,770,Anna,Ferrer Castells,Espanya,Bilbao,1,9,1953,Dona,1162,No,Grup A,Anna Ferrer Castells,True,1953-09-01,72,0.05,1220.1
23397473D,771,Anna,Romero,Espanya,Madrid,11,3,1990,Dona,962,No,Grup A,Anna Romero,True,1990-03-11,35,0.05,1010.1
68548102E,774,Laia,López López,Espanya,Bilbao,3,5,1997,Dona,1057,Sí,Grup A,Laia López López,True,1997-05-03,28,0.05,1109.85
79888539R,775,Ali,Bennani Fassi,Marroc,Casablanca,14,12,1983,Home,1510,No,Grup A,Ali Bennani Fassi,False,1983-12-14,41,0.05,1585.5
84414697K,780,Jordi,García Ferrer,Espanya,Sevilla,21,8,1959,Home,1086,Sí,Grup A,Jordi García Ferrer,True,1959-08-21,66,0.05,1140.3
76096673N,781,Lucía,Álvarez,Argentina,Buenos Aires,10,8,1972,Altres,1141,No,Grup A,Lucía Álvarez,False,1972-08-10,53,0.05,1198.05
89826839F,786,Marta,Castells López,Espanya,Bilbao,10,1,1964,Dona,1166,Sí,Grup A,Marta Castells López,True,1964-01-10,61,0.05,1224.3
21546595T,787,Anna,Martínez,Espanya,Sevilla,24,2,1973,Dona,1155,No,Grup A,Anna Martínez,True,1973-02-24,52,0.05,1212.75
26880397A,788,Carla,Castells Castells,Espanya,Barcelona,27,3,1977,Dona,1429,No,Grup A,Carla Castells Castells,True,1977-03-27,48,0.05,1500.45
70773495X,794,Eva,Martínez,Espanya,València,4,12,1970,Dona,1238,No,Grup A,Eva Martínez,True,1970-12-04,55,0.05,1299.9
28370355T,800,Marta,Romero,Espanya,Barcelona,8,4,1957,Dona,690,No,Grup A,Marta Romero,True,1957-04-08,68,0.05,724.5
57516393C,801,Lucía,Fernández Álvarez,Argentina,Còrdova,11,3,1973,Dona,684,Sí,Grup A,Lucía Fernández Álvarez,False,1973-03-11,52,0.05,718.2
79003381D,802,Eva,García,Espanya,Bilbao,17,3,1997,Dona,1034,No,Grup A,Eva García,True,1997-03-17,28,0.05,1085.7
83094572C,803,Carla,Sánchez,Espanya,València,10,6,1981,Dona,719,Sí,Grup A,Carla Sánchez,True,1981-06-10,44,0.05,754.95
64200072V,804,Toni,Martínez Castells,Espanya,Barcelona,23,10,1957,Home,1377,No,Grup A,Toni Martínez Castells,True,1957-10-23,68,0.05,1445.85
31385792P,813,Matías,Fernández,Argentina,Buenos Aires,28,4,1953,Home,1253,No,Grup A,Matías Fernández,False,1953-04-28,72,0.05,1315.65
31281157W,814,Joan,García,Espanya,València,1,4,1977,Home,1591,Sí,Grup A,Joan García,True,1977-04-01,48,0.05,1670.55
23733093T,815,Joan,López,Espanya,Sevilla,12,8,1992,Home,977,No,Grup A,Joan López,True,1992-08-12,33,0.05,1025.85
18279367H,817,Amina,Zahraoui Zahraoui,Marroc,Casablanca,20,4,1973,Dona,1454,No,Grup A,Amina Zahraoui Zahraoui,False,1973-04-20,52,0.05,1526.7
13257049V,820,Youssef,Fassi Zahraoui,Marroc,Rabat,13,7,1974,Altres,1109,Sí,Grup A,Youssef Fassi Zahraoui,False,1974-07-13,51,0.05,1164.45
92984183N,823,Michel,Lefevre,França,Marsella,28,1,1988,Home,1120,No,Grup A,Michel Lefevre,False,1988-01-28,37,0.05,1176.0
25883422V,824,Tomás,Fernández Fernández,Argentina,Còrdova,13,6,1964,Home,1039,No,Grup A,Tomás Fernández Fernández,False,1964-06-13,61,0.05,1090.95
92292409L,825,Carlos,Ramírez Cruz,Mèxic,Ciutat de Mèxic,28,12,1971,Home,1529,Sí,Grup A,Carlos Ramírez Cruz,False,1971-12-28,53,0.05,1605.45
10736038P,826,Oriol,Castells,Espanya,Sevilla,27,3,1998,Home,1564,Sí,Grup A,Oriol Castells,True,1998-03-27,27,0.05,1642.2
95605596P,827,Lukas,Müller Schmidt,Alemanya,Munic,23,2,2005,Home,1573,No,Grup A,Lukas Müller Schmidt,False,2005-02-23,20,0.05,1651.65
23188733V,828,Núria,García,Espanya,València,11,4,1993,Dona,799,No,Grup A,Núria García,True,1993-04-11,32,0.05,838.95
59876171G,830,Arnau,Sánchez,Espanya,Madrid,28,10,1973,Home,976,Sí,Grup A,Arnau Sánchez,True,1973-10-28,52,0.05,1024.8
26977768S,837,Fatima,Zahraoui Zahraoui,Marroc,Casablanca,6,2,1993,Dona,1216,No,Grup A,Fatima Zahraoui Zahraoui,False,1993-02-06,32,0.05,1276.8
11305351X,838,Eva,García,Espanya,València,22,6,1993,Dona,1444,No,Grup A,Eva García,True,1993-06-22,32,0.05,1516.2
19888245C,839,Pau,Romero,Espanya,Madrid,20,2,1953,Home,1345,No,Grup A,Pau Romero,True,1953-02-20,72,0.05,1412.25
61051397G,843,Marta,Sánchez,Espanya,Sevilla,17,3,1999,Dona,1389,No,Grup A,Marta Sánchez,True,1999-03-17,26,0.05,1458.45
63040392X,844,Oriol,Martínez,Espanya,Sevilla,22,7,1977,Home,1348,Sí,Grup A,Oriol Martínez,True,1977-07-22,48,0.05,1415.4
99383081M,848,Oriol,Sánchez García,Espanya,València,21,5,1993,Home,895,No,Grup A,Oriol Sánchez García,True,1993-05-21,32,0.05,939.75
76741258Y,849,Carla,Castells Ferrer,Espanya,Bilbao,20,7,1952,Dona,1331,No,Grup A,Carla Castells Ferrer,True,1952-07-20,73,0.05,1397.55
38241293F,850,Carla,Martínez Castells,Espanya,Barcelona,21,10,1980,Dona,755,No,Grup A,Carla Martínez Castells,True,1980-10-21,45,0.05,792.75
28367234K,854,Isla,Jones Brown,Regne Unit,Manchester,28,3,1999,Dona,1197,No,Grup A,Isla Jones Brown,False,1999-03-28,26,0.05,1256.85
32285371X,856,Louis,Lefevre Girard,França,París,23,10,1970,Home,737,Sí,Grup A,Louis Lefevre Girard,False,1970-10-23,55,0.05,773.85
28421457Z,857,Pau,Romero Castells,Espanya,Madrid,8,8,1968,Home,1429,Sí,Grup A,Pau Romero Castells,True,1968-08-08,57,0.05,1500.45
27247467S,860,Anna,López,Espanya,Madrid,2,1,1952,Dona,1062,Sí,Grup A,Anna López,True,1952-01-02,73,0.05,1115.1
78697534Q,864,Omar,Zahraoui Zahraoui,Marroc,Rabat,1,7,1983,,1271,Sí,Grup A,Omar Zahraoui Zahraoui,False,1983-07-01,42,0.05,1334.55
20692229R,865,Oriol,López Romero,Espanya,Barcelona,22,5,1983,Home,1135,Sí,Grup A,Oriol López Romero,True,1983-05-22,42,0.05,1191.75
39270256A,867,Santiago,Rojas,Colòmbia,Bogotà,5,4,1987,Home,829,No,Grup A,Santiago Rojas,False,1987-04-05,38,0.05,870.45
31713444D,869,Arnau,Romero Martínez,Espanya,València,7,5,1962,Home,1245,Sí,Grup A,Arnau Romero Martínez,True,1962-05-07,63,0.05,1307.25
14773153R,871,Lea,Fischer,Alemanya,Berlín,9,9,1986,Dona,1370,Sí,Grup A,Lea Fischer,False,1986-09-09,39,0.05,1438.5
82046699J,872,William,Smith,Regne Unit,Manchester,19,5,1997,Home,1405,Sí,Grup A,William Smith,False,1997-05-19,28,0.05,1475.25
86893272V,874,Marc,Ferrer,Espanya,Madrid,27,4,1954,Home,1636,Sí,Grup A,Marc Ferrer,True,1954-04-27,71,0.05,1717.8
93782971H,875,Luisa,González Hernández,Mèxic,Ciutat de Mèxic,19,4,2005,Dona,687,No,Grup A,Luisa González Hernández,False,2005-04-19,20,0.05,721.35
21277706W,876,Carla,Ferrer,Espanya,Barcelona,13,12,1969,Dona,911,No,Grup A,Carla Ferrer,True,1969-12-13,55,0.05,956.55
70418524X,878,Laia,Castells Ferrer,Espanya,Madrid,7,5,1971,Dona,1516,Sí,Grup A,Laia Castells Ferrer,True,1971-05-07,54,0.05,1591.8
15566633F,882,Laia,Sánchez Martínez,Espanya,Barcelona,10,2,1971,Dona,1427,No,Grup A,Laia Sánchez Martínez,True,1971-02-10,54,0.05,1498.35
80657664E,886,Eva,López Castells,Espanya,Sevilla,4,12,2004,,874,Sí,Grup A,Eva López Castells,True,2004-12-04,21,0.05,917.7
90914480C,887,Oriol,Castells,Espanya,Barcelona,3,12,1987,Home,1662,No,Grup A,Oriol Castells,True,1987-12-03,38,0.05,1745.1
21163199Y,888,Joan,Sánchez,Espanya,Bilbao,18,3,1982,Home,1632,No,Grup A,Joan Sánchez,True,1982-03-18,43,0.05,1713.6
38279546W,889,Marc,Castells,Espanya,Sevilla,24,3,1974,Home,1008,No,Grup A,Marc Castells,True,1974-03-24,51,0.05,1058.4
84844149K,891,Marc,Sánchez Ferrer,Espanya,València,1,4,1998,Home,968,No,Grup A,Marc Sánchez Ferrer,True,1998-04-01,27,0.05,1016.4
26365080Y,892,Anna,Sánchez,Espanya,València,5,6,1988,Dona,965,No,Grup A,Anna Sánchez,True,1988-06-05,37,0.05,1013.25
21674643A,898,Julieta,Fernández,Argentina,Buenos Aires,28,1,1961,Dona,1493,Sí,Grup A,Julieta Fernández,False,1961-01-28,64,0.05,1567.65
76568322R,899,Antoine,Lefevre,França,Lió,17,6,1999,Home,1241,No,Grup A,Antoine Lefevre,False,1999-06-17,26,0.05,1303.05
59758346F,900,Laia,Martínez Romero,Espanya,Madrid,28,12,1957,Altres,728,Sí,Grup A,Laia Martínez Romero,True,1957-12-28,67,0.05,764.4
39104359X,901,Jordi,Romero García,Espanya,Barcelona,17,2,1972,Home,1134,No,Grup A,Jordi Romero García,True,1972-02-17,53,0.05,1190.7
56408493L,903,Anna,García García,Espanya,Madrid,8,5,2003,Dona,847,Sí,Grup A,Anna García García,True,2003-05-08,22,0.05,889.35
53176287C,906,Jordi,Castells,Espanya,Bilbao,6,2,1963,Home,1306,Sí,Grup A,Jordi Castells,True,1963-02-06,62,0.05,1371.3
80044333C,907,Núria,Martínez,Espanya,Bilbao,10,3,1971,Dona,988,No,Grup A,Núria Martínez,True,1971-03-10,54,0.05,1037.4
77158777S,908,Núria,García,Espanya,Bilbao,15,6,2001,Dona,698,Sí,Grup A,Núria García,True,2001-06-15,24,0.05,732.9
23645745S,912,Martina,Gómez,Argentina,Buenos Aires,5,12,1963,Dona,993,No,Grup A,Martina Gómez,False,1963-12-05,61,0.05,1042.65
65159318X,913,Luisa,Cruz Ramírez,Mèxic,Guadalajara,19,2,1985,Dona,722,No,Grup A,Luisa Cruz Ramírez,False,1985-02-19,40,0.05,758.1
40039044H,914,Núria,Romero,Espanya,Madrid,9,4,1974,Dona,683,Sí,Grup A,Núria Romero,True,1974-04-09,51,0.05,717.15
66460797A,915,Marc,López García,Espanya,Bilbao,10,9,2005,Home,1270,No,Grup A,Marc López García,True,2005-09-10,20,0.05,1333.5
69734812N,916,Anna,Sánchez,Espanya,Sevilla,17,7,1971,Dona,767,Sí,Grup A,Anna Sánchez,True,1971-07-17,54,0.05,805.35
54263997Y,918,Núria,Romero,Espanya,Madrid,9,3,1956,Dona,1415,No,Grup A,Núria Romero,True,1956-03-09,69,0.05,1485.75
87213442J,919,Clara,Ferrer Castells,Espanya,Sevilla,25,7,1998,Dona,1393,No,Grup A,Clara Ferrer Castells,True,1998-07-25,27,0.05,1462.65
92018667L,920,Joan,Martínez Castells,Espanya,Madrid,4,10,1985,Home,1139,No,Grup A,Joan Martínez Castells,True,1985-10-04,40,0.05,1195.95
22118978G,921,Núria,Ferrer,Espanya,València,26,4,1995,Dona,1233,No,Grup A,Núria Ferrer,True,1995-04-26,30,0.05,1294.65
78458482P,922,Pau,Ferrer,Espanya,Sevilla,6,3,1997,Home,1428,No,Grup A,Pau Ferrer,True,1997-03-06,28,0.05,1499.4
82204716Y,924,Pau,López Ferrer,Espanya,Bilbao,13,4,1960,Home,1129,Sí,Grup A,Pau López Ferrer,True,1960-04-13,65,0.05,1185.45
58088881Q,934,Anna,García,Espanya,Madrid,15,3,1960,Dona,1130,Sí,Grup A,Anna García,True,1960-03-15,65,0.05,1186.5
71312672X,939,Jordi,López Romero,Espanya,Bilbao,17,12,1978,Home,1016,No,Grup A,Jordi López Romero,True,1978-12-17,46,0.05,1066.8
23931178W,940,Toni,García,Espanya,València,4,5,1952,Home,1079,No,Grup A,Toni García,True,1952-05-04,73,0.05,1132.95
77665617B,942,Youssef,Bennani El Amrani,Marroc,Rabat,5,9,1960,Home,1619,No,Grup A,Youssef Bennani El Amrani,False,1960-09-05,65,0.05,1699.95
43437575V,943,Clara,Romero,Espanya,Bilbao,5,12,2004,Dona,1507,No,Grup A,Clara Romero,True,2004-12-05,20,0.05,1582.35
86366713Z,946,Carla,Sánchez Romero,Espanya,Madrid,22,1,2005,,892,No,Grup A,Carla Sánchez Romero,True,2005-01-22,20,0.05,936.6
38147748A,949,Núria,Martínez Ferrer,Espanya,València,4,11,1976,Dona,1028,No,Grup A,Núria Martínez Ferrer,True,1976-11-04,49,0.05,1079.4
49560214X,950,Felipe,Gutiérrez,Colòmbia,Medellín,13,11,1989,Home,1275,No,Grup A,Felipe Gutiérrez,False,1989-11-13,36,0.05,1338.75
83600087R,951,Toni,Romero,Espanya,Sevilla,26,9,1952,,1222,Sí,Grup A,Toni Romero,True,1952-09-26,73,0.05,1283.1
86899840T,953,Eva,García,Espanya,Bilbao,13,9,1978,Dona,1117,No,Grup A,Eva García,True,1978-09-13,47,0.05,1172.85
67837921D,954,Isla,Taylor Smith,Regne Unit,Londres,7,5,1965,Dona,1237,No,Grup A,Isla Taylor Smith,False,1965-05-07,60,0.05,1298.85
12091945C,956,Oriol,Sánchez,Espanya,Barcelona,5,2,1986,Home,747,No,Grup A,Oriol Sánchez,True,1986-02-05,39,0.05,784.35
71514483K,957,Jean,Girard Lefevre,França,Lió,28,12,1960,Home,930,No,Grup A,Jean Girard Lefevre,False,1960-12-28,64,0.05,976.5
48749091Z,958,Oriol,Sánchez García,Espanya,València,16,7,1965,Home,1273,No,Grup A,Oriol Sánchez García,True,1965-07-16,60,0.05,1336.65
29019539A,961,Clara,Romero García,Espanya,València,8,2,1989,Dona,1246,Sí,Grup A,Clara Romero García,True,1989-02-08,36,0.05,1308.3
98430241N,962,Toni,López,Espanya,Bilbao,3,6,1956,Home,857,No,Grup A,Toni López,True,1956-06-03,69,0.05,899.85
89759837X,963,Laia,Romero,Espanya,Barcelona,17,9,1966,Dona,952,Sí,Grup A,Laia Romero,True,1966-09-17,59,0.05,999.6
69520375Z,966,Núria,García Castells,Espanya,Sevilla,23,12,1986,Dona,1259,No,Grup A,Núria García Castells,True,1986-12-23,38,0.05,1321.95
75634877M,967,Marc,Castells Castells,Espanya,Bilbao,18,12,1955,Home,1330,Sí,Grup A,Marc Castells Castells,True,1955-12-18,69,0.05,1396.5
58558026P,968,Toni,Romero Martínez,Espanya,Bilbao,15,9,1980,Home,1221,No,Grup A,Toni Romero Martínez,True,1980-09-15,45,0.05,1282.05
67475809B,974,Jordi,Romero,Espanya,Barcelona,6,9,1952,Home,1673,Sí,Grup A,Jordi Romero,True,1952-09-06,73,0.05,1756.65
21511240Y,975,Oriol,García Castells,Espanya,Barcelona,8,5,1987,Home,917,No,Grup A,Oriol García Castells,True,1987-05-08,38,0.05,962.85
14371347B,978,William,Taylor,Regne Unit,Londres,11,10,1957,Home,1017,No,Grup A,William Taylor,False,1957-10-11,68,0.05,1067.85
80867475E,979,Arnau,Martínez,Espanya,Bilbao,9,10,1996,Home,1172,Sí,Grup A,Arnau Martínez,True,1996-10-09,29,0.05,1230.6
54542153E,980,Chloé,Girard Girard,França,Marsella,17,12,1956,Dona,1433,No,Grup A,Chloé Girard Girard,False,1956-12-17,68,0.05,1504.65
93060003K,982,Felipe,Gutiérrez,Colòmbia,Medellín,17,9,1953,Home,1142,Sí,Grup A,Felipe Gutiérrez,False,1953-09-17,72,0.05,1199.1
30892443R,983,Élise,Moreau Moreau,França,París,10,6,1992,Dona,1378,No,Grup A,Élise Moreau Moreau,False,1992-06-10,33,0.05,1446.9
26804172P,986,Andrés,Ramírez Hernández,Mèxic,Ciutat de Mèxic,2,9,1956,Home,1457,Sí,Grup A,Andrés Ramírez Hernández,False,1956-09-02,69,0.05,1529.85
58404017Q,989,Jean,Dubois,França,Lió,13,2,1960,Home,1001,Sí,Grup A,Jean Dubois,False,1960-02-13,65,0.05,1051.05
59083606S,992,Toni,López,Espanya,Sevilla,20,10,1950,,1538,No,Grup A,Toni López,True,1950-10-20,75,0.05,1614.9
25874228C,993,Laia,López,Espanya,Barcelona,8,3,1970,Dona,1315,No,Grup A,Laia López,True,1970-03-08,55,0.05,1380.75
52145541P,996,Joan,García,Espanya,Sevilla,11,4,1959,Home,971,No,Grup A,Joan García,True,1959-04-11,66,0.05,1019.55
69760120X,997,Laia,Ferrer Martínez,Espanya,Barcelona,11,11,1980,Dona,682,No,Grup A,Laia Ferrer Martínez,True,1980-11-11,45,0.05,716.1
89253307W,999,Clara,Sánchez López,Espanya,Bilbao,1,8,1952,Dona,1217,No,Grup A,Clara Sánchez López,True,1952-08-01,73,0.05,1277.85
